Judul|Pengarang|Favorit
LOOKISM|Taejoon Park|51800000
Girl's World|morangg|23800000
How to Fight|Taejoon Park / Kim Junghyun|12400000
Mistake|KEVEEEN / Cindy Chwa|14100000
QUESTISM|PTJ cartoon company Academy|2600000
GOOD/BAD FORTUNE|Ariel Duyung|9500000
Grup Chat Tanpa Aku|Bongsoo|57666
The Fox Club|HJ.Hwang|1500000
Sisters at War|KMK|100000
Doll & I|CHAEYUN SONG / ENRY|1400000
Reborn Rich|JP / BG|764750
Out of the Blue|Fluffy Sunkist|129734
Wind Breaker|Yongseok Jo|5700000
The Editors|LINE WEBTOON|911593
Men of the Harem|Alphatart / HereLee|4200000
Unseen Beauty|Benvenutoiven / Get up production|696175
Seven Years Later|Tirapuw|3100000
Top Corner|Yoon-Sung / LaGoon|2100000
Arum Daun|Shinshinhye|1400000
Money and the Power|Dongwoo Han / Dohee Lee|7400000
Change Me|JIHO LEE / HOTTI|100000
Moon Flower|ifuaira00|1600000
A Chance at Last|Dindon / Seo hye eun|714658
Momfluencer|maemi / Hee Se|591018
Left Hand|callistahermin|2100000
Love is a Promise|Ai_naBecce / 12pulang Studio|848755
Two Faced Princess|Ryu Juyeon / TORI|810746
When We Were Fifteen|Hanin Naqib|208750
The Man|Ha Neulso / Dogado|100000
DARK MOON: THE GREY CITY|HYBE|167629
30 Minute Walk|ondo|1100000
An Alternate Life|Carlos / Jink|542550
Double Click|Kim Janghun / Park Subong|621616
Godly Idol|White Bear / RENA|499173
Attention Seeker|Woong|310620
The Build Up|911|122800
Crimson Heart|HYBE|163644
Gemini Duos|Hamstavin|320658
My Sole Muse|Matchseia|86221
The Great Inheritance|0510 / EUNSU|173689
Suhee0|Birthdaymood|454858
Unlock The Boss (Unlock My Boss)|Sanghyun Park|100627
DENOUNCE|YoonYe|298653
Dazzle|Littorium_|61110
The Secret of Angel (True Beauty)|yaongyi|44700000
Clueless Girl|Seokwoo|3100000
LOSER LIFE|Taejoon Park / Sunwook jeon|2900000
Mystique|VAN JI|7600000
Dateclip|Bongsoo|199410
Day by Bae|HAAI|1600000
Who's Mr. President?|S.M.S / KING Productions|5600000
BLUE|kennsaty|2500000
Duty after School|Ilkwon Ha|179164
The Girl 180|nowone / della|4500000
Your Letter|HYEON A CHO|596666
The Wife|JYUN / Mana|2100000
SAVE ME|Big Hit Ent. / LICO|200000
To Love Your Enemy|Jungyoon / Taegeon|3700000
Trauma Center|Hansanleega / hong bichira|6600000
We Are Pharmacists|Qoni|8300000
Me Vs Big Slacker Baby|Re:ON Comics / Annisa Nisfihani|818213
Moon You|Cho Seok|86466
Dandelion Repose|yunakatzen|1500000
Young Mom|theterm|14600000
Friendly Rivalry|CHAE-YUN SONG / JAE-YEONG SIM|1400000
The Nuna at Our Office|WasakBasak / JANE|263759
Ending Again|TARI|220925
Knitting Room|SOYOUNG|100000
Summer Breeze|kyoungchal han|913235
Trickster|Mas Hiro / k a i r n n|3200000
Only You can See|sosoman|1700000
Loser Coin|PTJ cartoon company Academy|428427
House Daddy|HAAI|2300000
The Lost Harmony|Black chiz cake / Kobebeef|7400000
MAMAMAAF|MiTi / GuGu|4500000
Baby Steps|k a i r n n|1200000
HER SECRET!|KMK|5400000
10 Cara Merawat Naga|Lee Donghee / Pandapenguin|200000
304th Study Room|Felicia Huang|900000
Tomorrow|Llama|122529
Blooming|Rifahart|823304
Ayam Goreng|PJD|621360
Gadis Pembohong|Febs / Lulu Zet|406554
Ghost's Dilemma|kikuatama|4200000
Hidden Beauty Formula|rchella|429564
GET BACK|Seyoon|3500000
The Now|INE|613399
Romantic Palette|MINKI|3800000
90 Days|Bekyu|7400000
Switched Girls|Haohow|6600000
The Golden Spoon|HD3|2500000
Webtoon Legends: Girls of the Wild's|HUN / ZHENA|6100000
Fluffy Tummy|Yachi_chan / Bima Eko Saputra|540068
Kawan Kelam|Lee JongHyeok|2400000
Unlucky Mansion|Yaggug|311400
Friends|Leaf19|1300000
Lilac 200%|UIYOUNG |891615
Curious Date|telormatasappi|1600000
Favorite Part|TARI|2100000
BLOODY GAZE|Takamiwa / Fatal Lemon|1700000
Rainbow Bridge|Ros and Fox|1200000
RESET|Aans|677951
Kau yang Mencuri Hatiku|Various Artists|2100000
Demi 5kg|suosu / Hong-kki|6600000
CODE HELIX|Nikki Dibya Wardhana / Bryan Arfiandy|848590
Out of Batteries|sidik rizal / hievasp|1800000
About Death|Sini / Hyeono|269863
A Flower for Nao|Febs / VBi|1600000
Dr. Frost|JongBeom Lee|300000
Summer Miracle|Seokwoo|1100000
Love Hidden in Lies|Aporo Kawai|597186
Money Game|Jinsoo Bae|234042
God of Bath|Ilkwon Ha|387188
Bingkai Titik|Gabriel Pt Dedi|1500000
Potato Town|PJD|380895
Kolak|Various Artists|1300000
Drackocong|Indra AD & Agung Gunawan|891070
Ojek Story|Herrad / Thoma Prayoga|100000
Sofia: Fashion Investigation|Bonni Rambatan / Aisah PL|1300000
ULTRA SMASH!!|rammaou|100000
Heroine|Various Artists|525092
WHATEVER|KIM JAE HAN|2200000
My Heart Is Beating|Ilkwon Ha|320284
Sayonara, Manga|karasuhibari / Viyanriri|396033
Ctrl+Z|MiTi|93334
The Master of 10 Billion|MOTGINI / GYU|373662
Be My Father|Dongbi|1300000
Sucker Trick|LIM|60083
SCRAMBLED: Journeylism|Lintankleen|1300000
Hati Nammo|Bryan Arfiandy|49143
KOSAN 95!|Didiwalker|18800000
The Real Lesson|CHAE YONGTAEK / HAN GARAM|10600000
SARIMIN|NAGATERBANG|4500000
Revenge Girl|Ori|5600000
GOOD/BAD FORTUNE|Ariel Duyung|9500000
Boundless Ascension|2love(REDICE STUDIO) / Fleecy cloud|10126
Ticket Hero|RYU|3700000
Eleceed|ZHENA / Jeho Son|8100000
DARK MOON: THE BLOOD ALTAR|HYBE|2100000
Born from Death|Tan Feli|17900000
Tower of God|SIU|26300000
Black Knight|lee yun kyun|50701
The Constellations Are My Disciples|INUS / Cha jiwoon|30352
Omniscient Reader|UMI / Sleepy-C|7400000
I’m Not That Kind of Talent|Meona / Emong|233743
Daddy Goes to School|KIM JAE HAN|4200000
I'm the Max-Level Newbie|WAN.Z / swingbat|1900000
My S-Class Hunters|seri / biwan|1700000
Doom Breaker|Blue-Deep|1400000
The Greatest Estate Developer|Kim Hyunsoo / Lee hyunmin|365613
The Esper’s Game|Plan A / Two-zero|313413
+99 Reinforced Wooden Stick|HONGSIL / JIPERY|617130
A Chance at Last|Dindon / Seo hye eun|714658
Mythic Item Obtained|Hess / Jung SeonYul|248459
Hero Killer|Kkulbeol / Beolkkul|1400000
The Master of Tutorial Tower|Indoor Kim / ohmagam|2800000
Ranker's Return|zuno / B-ram|344274
The World After the Fall|Undead Gamja / S-Cynan|653775
66,666 Years: Advent of the Dark Mage|PASA / TARU|549303
Murim RPG Simulation|Hyung Geun Cho / Kwang Hwi|535908
The Druid of Seoul Station|Mun sung ho / liveBEAR|903706
The Gamer|Sangyoung Seong / Sang-A|9800000
Returned as the Duke|Choi Bong-geun (AKEO Studio) / Lee Ha Zoo|37153
I Became the Tyrant of a Defense Game|Gyong / Ha Jung|51986
Player|JSP / SSAMBA|1200000
Mr. Magic Man|Tyrs / RD|301823
DARK MOON: THE GREY CITY|HYBE|167629
The Chosen|E A L|2800000
The Lone Necromancer|KIM KYOUNG-YEOL / KIM DONG-JUN|592304
Godly Idol|White Bear / RENA|499173
The Dungeon Cleaning Life of a Once Genius Hunter|GoilGoil / Dalbeat|121091
A.I. Doctor|Kuiq / ZAINO|212151
The Macho Florist|kumtata / Ju hyun hoo|1500000
The Monstrous|Lee jungwoo / Hong ingeun|231906
Auto Hunting With My Clones|opal / Mr. Cha|67677
My 990,000 Past Lives Help Me|Marucomics / Invader|87755
Crimson Heart|HYBE|163644
Dungeons & Artifacts|UMKY / Zerowater|127208
Assassin’s Creed: Forgotten Temple|Tabii / ARC|14491
No Scope|ZOYANG|688506
Surviving as a Fish|DONG9|238433
The Final Raid Boss|Kim Janghun / Ha Seongshin|258363
THE STAR SEEKERS|HYBE|589890
Bug Eater|26|149932
Kedok|xzbonbon|294645
DARK MOON: THE BLOOD ALTAR (Webnovel)|HYBE|126959
Crimson Heart (Webnovel)|HYBE|9252
7FATES: CHAKHO (Webnovel)|HYBE|169404
DARK MOON: THE GREY CITY (Webnovel)|HYBE|9909
THE STAR SEEKERS (Webnovel)|HYBE|84800
7FATES: CHAKHO|HYBE|1100000
LOSER LIFE|Taejoon Park / Sunwook jeon|2900000
Mystique|VAN JI|7600000
This Witch of Mine|MAS / Haeyoon|522602
Noblesse|Jeho Son / Kwangsu Lee|47200000
White Blood|Lim lina|6300000
Dandelion Repose|yunakatzen|1500000
The Blood of Madam Giselle|Lee Yunji|1600000
Swimming Class for Mermaid|YongChan|3500000
Sri Asih|Archie The RedCat / Devita Krisanti|1900000
Annarasumanara|Ilkwon Ha|253770
Eggnoid|Archie The RedCat|24900000
The Lost Harmony|Black chiz cake / Kobebeef|7400000
Virgo and the Sparklings|Annisa Nisfihani / Ellie Goh|12400000
Deadly 7 Inside Me|Deruu RioTa|7900000
Return My School Life|LICO|7400000
Noblesse spin-off|Jeho Son / Kwangsu Lee|890283
In A Dream|Cindy Chwa / Angellina|9900000
Aegis Orta|lunaria_co|12900000
A Wish on July 7th|moegi|112532
Nan Yak|HYUNJOO JEONG / JINHWAN PARK|6300000
Love Teleport|White  bear / Baogu|1400000
Switched Girls|Haohow|6600000
SUPER CASTING: BTS|LINE WEBTOON|783010
Kawan Kelam|Lee JongHyeok|2400000
Satan's Deepest Cry|DEDEWDEW211|784984
The God of High School|Yongje Park|20400000
NANO LIST|Songa Min|4500000
Nusantara Droid War|Vega Mandalika|7100000
DICE|Hyunseok Yun|11400000
The Retreats|Hyungwuk Shin / Sunhee Kim|123352
3cm Hunter|JRobin / B.Y|2300000
Rainbow Bridge|Ros and Fox|1200000
9 Lives|Aoi / Kyorin|2200000
Shadow|yunuji / haejin|172050
Recycle|RedGelato|1800000
Magical Change|Pal6|777077
Love Warp|Rafsan J. Arroisi|1900000
Eternals: The 500 Year War|Marvel|27824
Dreamscape|Budi Setiawan|200000
Locker, Opener|Maanchwee / BARUNFLOWER|634668
Mosquito War|JH|358702
The Girls are Monster|Kyriepoda|531210
Monster|eunjae lee|361106
Ganda|Nikki Dibya Wardhana / Linka08|297614
Secret of Aura|PIONICON|1300000
Mantradeva|Agung Bollo / Gusti Kudit|1500000
ALPHA|Bookyeom|405423
Super Santai|Nikki Dibya Wardhana / BENY|190867
Super Santai: Operasi Ramadhan|Nikki Dibya Wardhana / BENY|74372
Nano Mashin|GGBG / Great H|4700000
Ocean's Promise|Padhang Bulan|599194
Return to Player|UMKY / SEHON|100000
DEVIL SHOT|CTK|1200000
The Warrior Returns|NARACK / FUNGBACK|575567
7 Wonders|Metalu|13500000
Troll Trap|U.bi|8500000
What the Folk|nasibungkus|37675
Beyond Max Level|HONGSIL / MINo|1400000
Be A Poem|Chill Peeps|126102
The Second Marriage|Alphatart / HereLee|16300000
Who Stole the Empress?|Lee jihye|113351
The Father Returns|Sanbom / haeyeoneul|31181
I Thought My Time Was Up!|Essie / Hyeyong|170483
I'm the Queen in This Life|Themis / Omin|1500000
Sang Bayi Tiran|Awon / Lee Huin|114696
The Tyrant Wants to Be Good|KAKON / Ramguel|96728
I Wanna Be U|SAM|12600000
The Dragon King's Bride|SOY MEDIA / Kanghee Jamae|230551
Serena|Ina|100000
Lips Upon a Sword's Edge|Mwagwa / Pinku|860157
My In-laws Are Obsessed With Me|seungu / Han Yoon Seol|2400000
Cursed Blessing|Dalsaeowl / Hwam|6500000
The Problematic Prince|CACTUS / Solche|55729
I Can't Keep Up With My Duke|jaradog / ttangsagwa|1300000
The Little Princess and Her Monster Prince|Hagwa / Jang Namu|2600000
Bastian|Abin / Solche|280838
My Husband Changes Every Night|Yeoseulki / koo seul|247487
For My Derelict Favorite|Kimyong / Kim Seonyu|1300000
Rosalyn Vogart|MACH / SWE|519366
Divorcing My Tyrant Husband|Josara / Oh Youn Ha|540639
Leveling Up My Husband to the Max|Curlin / Uginon|400000
Taming My Ex Husband's Mad Dog|Jagae / CMJM|332568
A Royal Princess with Black Hair|Pang-e / Ellianyang|4700000
Born as the Second Daughter|New pangpang / Yong Wonchang|730621
Charming the Duke of the North|Stardustvia / gachunga|890026
Love and Wifi in the Palace|Joa / Ginyu|22043
Taming the Marquess|KRFFR / gol_G|1800000
Her Highness, the Wildflower|Moonto / Manju|661223
No Longer the Nice Sister|naeil / Serim,  JUGI|612623
Monster Duke's Daughter|Han ocean / Chal Lan|2800000
Men of the Harem|Alphatart / HereLee|4200000
Miss Overprotected|Gat-kkung / Vin Lee|151035
Becoming You|FURIK / LUNA|1400000
Another Typical Romance Fantasy|WOLHET|867484
Resigning as the Villainess|SEMI / SAN|757255
He Loved My Sister|dezy / Kkot Ni Rang|207853
Empress Cesia Wears Shorts|Saedle / Jkyum|2300000
Baby Princess the Matchmaker|Karin Park / Jimmy Sin|1900000
Two Faced Princess|Ryu Juyeon / TORI|810746
Dear Nemesis|Velma / ohsso|498443
Wanthong yang Tegas|Mu|369333
The Duke's Teddy Bear|Choi Sungha / GOMDOL|650648
Love Quest for a Servant Girl|DANA LEE / JUNGDAM|1500000
Dragon King's Chef|BK_Moon / Karakul|200000
Catching Up to Luke Bischel|HAKttobuk / angkkoppang|390161
What Melvin Left Behind|Team Happy gery / SC13|298878
That Which Flows By|softcorn / Eunbi Lee|163530
No Loyalty for a Villainess|Eeyeol Chun / STUDIO107|1200000
I Got Pregnant with the Tyrant's Child|Ryuran / SF_JD|808866
Sacrificed|DH / Jeong Ochan|734096
How to Place My Dog on the Throne|Marucomics / salted man|386737
Agatha|Lee da in|669754
My Sole Muse|Matchseia|86221
All Hail Lady Blanche!|SJK (SOYMEDIA) / Eun Na-mok|297402
To You Who Don't Love Me|Yeonseo / Bbada|181708
Yuri's Palace|Dawoo / Hill|215033
The Villainess Behind the Mask|SAN / Seogac|138552
The Torch of Ingram|Team LYCHEE / goyohan|54495
The Peach of June|38 / YOO PAULHEE|121938
The Predator’s Fiancée|Jackpot / Lisabel|505145
The Empress’ Lipstick|Coffeebean / JJG|566084
Witch's Wedding Diary|New lung / Dimang|400000
Suddenly, I Became a Princess|Plutus / Spoon|18100000
The Emperor Reverses Time|HWAYOUNG / YONGKKE|1400000
The Double Agent|Hayeon / Charles|519474
Can the Grand Duke and the Marquis be Friends?|Haku Karon / Teava|120858
Why Ophelia Can’t Leave the Duchy|Joo ahri / samo|1100000
One Night with Emperor|Bloomyy / INUS|3800000
The First Night with the Duke|MSG / Hwang DoTol|6300000
I'm Just His Friend!|RYU HEON / KAKON|2500000
I Picked Up a Second Lead After the Ending|Hwang DoTol / jungseoa|3200000
Prince Maker|suosu|1100000
I Raised A Beast|Teava / Yeoseulki|5200000
The Forbidden Marriage|Chun Ji hye / Sanchaek|3100000
The Blood of Madam Giselle|Lee Yunji|1600000
Aku...ratu?!|Peralta / GUA|3400000
For Stella|Nanaso / Hwagi|198231
Now I Will Take The Emperor's Heart|kiki / Marucomics|2500000
People Don't Change!|yeomra / gu_ilha|1900000
Wendy the Florist|Bize / sizh|8100000
The Secret of the Friendly Duke|Seojyu|381769
Handsome and the Beast|LB / Yoo Eun|1800000
The King and the Paladin|Irinbi / Park Ji-Eun|205684
Please Answer Me, Prince|Teava / Jjunya|668994
Infinite Sky|rchella|7300000
Oh! Princess|Kat|1500000
Dedes|egestigi|2600000
How to Tame the Royal Guard Dog|Jyun / SHINJI|383245
Regina Rena: To the Unforgiven|NANA / Seol Dong-Won|100000
Sierra|Rana / Moona|752731
A Killer Princess|Kim Yerin / Jang Yura|534543
The Vampire Lord's Greatest Wife|Kumokaya / Artelysium Studio|1500000
Twilight Poem|MIDNIGHT STUDIO / Kim Suji|1800000
It Was a Mistake, Grand Duke!|joypyonn / Sisse|501552
How to Live as a Lady|Ink. / Sung Heyrim|3200000
The Villain is Trying to Make Me a Stepmom|HARIHEEN / MOKGAMGI|2500000
I Thought My Time Was Up!|Essie / Hyeyong|170483
OTENBA|Dihocchi|1100000
BAD GUY|DOOMS|3400000
Eh, Sorry Kesantet!|aiextradip|1500000
Dulu Gwe(n) Pernah|Sisifafa / Romy Hernadi|21500000
Si Ocong|Agung Gunawan|17900000
+99 Reinforced Wooden Stick|HONGSIL / JIPERY|617130
Desperate to Date|Young Oh / ROH GODRYANG|130837
Stand Up, Mr. President!|Rutheal / Lidowey|1600000
Anak Bapak|A_Catnoda|683033
The Macho Florist|kumtata / Ju hyun hoo|1500000
MUROS|Surya Putra|2600000
New Normal: Class 8|Youngpaka|3700000
Day by Bae|HAAI|1600000
The Holy Idol|studioM / AXA|1200000
The Girl 180|nowone / della|4500000
Just Friends|CL NUNA|20700000
Sickomik|Red Coco|200000
Uga Uga|Henie|6600000
Bang Lambe|Alan|2200000
Brothers and Sisters|Ginyu|2300000
Hantu +62|Meidito Dian|500000
Terlalu Tampan|Mas Okis / S.M.S|11800000
House Daddy|HAAI|2300000
Minus|Egimugia|1500000
Psychic Studies|Eun Hyuck Park|754299
ART/STROKE|M.M|547731
Jangan Baca Webtoon Ini!|Mas Okis / Rea|2800000
Gentle HIPster|Henie|1800000
Ayam Goreng|PJD|621360
Trio Koplak|Siakae|325777
Terlalu Cantik|Mas Okis / Mas Hiro|7900000
Kutu Webtoon|Hasnaul Ikhtarosa|938091
Prince of Prince|JAEAH / SE|1600000
Romance Punch|Galang Larope|2400000
No Homo|Apitnobaka|461350
Brotherhood|GIMS|1200000
Potato Town|PJD|380895
SENGKLEK FAMILY|Julian Syahputra|376012
Tahilalats|Tahilalats Team|38200000
The Girls are Monster|Kyriepoda|531210
Family Over Flowers|SANGSIN / JOONGROK|2500000
A Simple Thinking About Bloodtype|Dongsun Park|2300000
Lazy Dogs|Hong-kki|2900000
Si Juki: LIKA LIKU ANAK KOS|Faza Meonk|1400000
Kecoa dan Dendam|Renato Adhitama|5100000
Nostalgia Ramadhan Si Juki Kecil Season2|Faza Meonk|373653
Si Udin|NIKSEN|8100000
Soekirman|YOGADANU / ZAINUL MOZA|1100000
Soekirman: Ramadhan di Kampung Halaman|YOGADANU / ZAINUL MOZA|170236
10th Dimension Boys|Cutbu|884417
Piraku x Piraku|Sweta Kartika|242200
GHOSTY's COMIC|GHOSTYCORP|4600000
Komik Faktap|Tim Komik Faktap|4800000
Si Juki : Kisah Kusut Dunia Dongeng|Faza Meonk|100000
Just for Flat Jokes|Mind C|442442
Nostalgia Ramadhan Si Juki Kecil|Faza Meonk|424154
Twin Connect|tiansenou|300000
Kang Paket Ganteng|piio keii|163980
My Three Annoying Brothers|olive-yu|3300000
DjINN|Aland B. / DRD|443697
Oh My Boy!|Kanipa|3400000
Take My Money|AlohaDRY|3300000
Sepulang Sekolah|KOI & JUI / Dhan Akhir|4200000
Masdimboy|Adimas Bayu|1700000
LOOKISM|Taejoon Park|51800000
Kembalinya Iblis ke Sekolah|Siwon / Team the JICK|11809
High School Soldier|YC / rak hyun|8500000
WEAK HERO|SeoPass​ / RAZEN|13500000
How to Fight|Taejoon Park / Kim Junghyun|12400000
Mr. Baek|Punch Kick / Haetae|155637
Ticket Hero|RYU|3700000
Eleceed|ZHENA / Jeho Son|8100000
Designated Bully|GRIMZO|100000
Manajer Kim|Jeongjongtaek / PTJ cartoon company Academy|2500000
Study Group|Hyungwuk Shin / Seungyeon Ryu|12300000
Tower of God|SIU|26300000
The Strongest Outcast|team ggulbal|39790
Reality Quest|Joowoon Lee / Taesung|100000
Daddy Goes to School|KIM JAE HAN|4200000
HECTOPASCAL|gil seonggeun / buffering|251209
Top Corner|Yoon-Sung / LaGoon|2100000
Money and the Power|Dongwoo Han / Dohee Lee|7400000
Bully Conquest|HON|141563
The Esper’s Game|Plan A / Two-zero|313413
King Game|killer whale / Hyungwuk Shin|235564
Ranker's Return|zuno / B-ram|344274
Fight Hard|38|689252
The Gamer|Sangyoung Seong / Sang-A|9800000
I Became the Tyrant of a Defense Game|Gyong / Ha Jung|51986
Spirit Hunter|Yoon Hyun-seung / Bang Seung-hyun|1100000
Kill the Dragon|Miss Jisu / J-Sun(REDICE STUDIO)|228098
Attention Seeker|Woong|310620
Living like a Villain|Gamsakk / Masik Lee|603754
Second Life of a Gangster|SAYEOL / yerang|896437
Absolute Sword Sense|TI / KDRM|26328
Vigilante|kim kyusam / CRG|85156
Bloodhounds|Jeong Chan|39182
My 990,000 Past Lives Help Me|Marucomics / Invader|87755
18-Year-Old Spy|kimjuin / teamggulbal|175263
Ultra-Alternate Character|JIXKSEE|262743
Fight Class 3|LEE HAK|727954
The Rules of the Game |YUTIST|121466
The First Hunter|Chanwook Jeon / dedart|318087
Soul of the Wind|SEO HYEON-JIN / WOLIN|61943
Terror Man|HAN DONG-WOO / KO JIN-HO|362657
FIGHTER|JUN SANG YOUNG / DAYWALKER|27793
LOSER LIFE|Taejoon Park / Sunwook jeon|2900000
King of the Octagon|GOPUBI|148437
Return of Sword Master|BIGA / LICO|1700000
Noblesse|Jeho Son / Kwangsu Lee|47200000
White Blood|Lim lina|6300000
CHANGE|JINONE|22300000
The Boxer|JH|300000
Trouble Maker|M.E.A.W|324022
Noblesse spin-off|Jeho Son / Kwangsu Lee|890283
Reawaken Man|CHAE YONGTAEK / KIM JAE HAN|5900000
100|Hyeong Eun / Yunyeol Choi|292570
Nan Yak|HYUNJOO JEONG / JINHWAN PARK|6300000
Webtoon Legends: Girls of the Wild's|HUN / ZHENA|6100000
Kawan Kelam|Lee JongHyeok|2400000
Zombie Fight|Lee JongHyeok|687320
The God of High School|Yongje Park|20400000
Ambivalent|Dedy Koerniawan|234780
DICE|Hyunseok Yun|11400000
SAMADHI|LEE WONSIK / Ggulchan|460773
The Age of Cruelty|Jang Daehyeon / IRON Shin|135519
Occult|SHIN JIN WOO / CHOI BONG GEUN|714905
Magical Change|Pal6|777077
Locker, Opener|Maanchwee / BARUNFLOWER|634668
Minus Hand|KDee|1300000
HIVE|Kyusam Kim|662170
ALPHA|Bookyeom|405423
Nano Mashin|GGBG / Great H|4700000
Return of the Mad Demon|JP / Ihy|621602
BRANDAL|METAKOMIK|271934
Return to Player|UMKY / SEHON|100000
The Real Lesson|CHAE YONGTAEK / HAN GARAM|10600000
Troll Trap|U.bi|8500000
Jungle Juice|Hyeong Eun / Juder|2200000
To Not Die|Parae / Lim Jin Guk|1400000
What the Folk|nasibungkus|37675
Neon Revenge|Gisong / NemGa|946944
Castle|JEONG YEON|1900000
Hallim Gym|Hye seong / Lee Suk Jae|1200000
Beyond Max Level|HONGSIL / MINo|1400000
Caravan 97|Mada_Fadaz|90553
The Era of Overman|supp|1900000
WEE!!!|Amoeba UwU|16500000
NGARTOON|LINE WEBTOON|210165
Pupus Putus Sekolah|Kurnia Harta Winata|5800000
OTENBA|Dihocchi|1100000
Bima, Temanku yang Imut|telormatasappi|300000
Ngopi, yuk!|Sisifafa / Romy Hernadi|34500000
Her Twin Brothers!|aizonoodle|169963
Pak Guru Inyong: Pendidikan Khusus|Anggoro Ihank|903092
Dulu Gwe(n) Pernah|Sisifafa / Romy Hernadi|21500000
Hannah Nala|Egimugia|3800000
SMAS'D|Oja Aritonang|12800000
Gula-Gula|idachann_|735712
When We Were Fifteen|Hanin Naqib|208750
Anak Bapak|A_Catnoda|683033
When Monday Met Sunday|SENYUMAN|272315
FIGHTER|JUN SANG YOUNG / DAYWALKER|27793
Seoulmate|aT Center|144212
WiraDelima|Qoni|6200000
Lazy Cooking|Sibbil|7500000
Stay With Me|Merow|599852
Bang Lambe|Alan|2200000
SWEET CHAOS|Fadee~|714607
Knitting Room|SOYOUNG|100000
SEKOTENGS|Lifina|5300000
CAO!|ricepupa|1800000
Their Story|Egimugia|238581
Minus|Egimugia|1500000
Jajan Squad|Dito Satrio|5600000
Mukbang Life|Hong-kki|929372
Teman Rasa Pacar|M.E.A.W|4300000
Pak Guru Inyong|Anggoro Ihank|5600000
ART/STROKE|M.M|547731
JADIKAN AKU YANG PERTAMA!|Various Artists|668807
Kisah Bucin di Sekolah|Alonelymeow|1800000
Kompor|Various Artists|696298
Trio Koplak|Siakae|325777
Smile Brush|WAROO|653131
Si Unis|Rinfan|4700000
Fluffy Tummy|Yachi_chan / Bima Eko Saputra|540068
Libur Telah Tiba|Various Artists|416731
Anti Receh-Receh Couple|LINE Bank|92543
Next Door Country|Mas Aditiya|17800000
Sekar X Popular|Roket Kertas|6600000
Ketupat|Various Artists|100000
31 Ways to Runaway|Various Artists|718923
Bahagia Itu|Angie.W / Huhu|604252
Boyfriends|Angellina|2100000
Smile Brush: My Old Pictures|WAROO|796489
Kolang-Kaling|Various Artists|100000
SENGKLEK FAMILY|Julian Syahputra|376012
Heroine|Various Artists|525092
Kisah Usil Si Juki Kecil|Faza Meonk|2500000
Hari Berarti|Various Artists|859414
Kurma|Various Artists|1600000
Webtoon Ramadhan 2017|Various Artists|1300000
SEHAT-SEHAT, YA!|Various Artists|598853
My Kitty and Old Dog|cho|1700000
Serba Salah|Jennie Liandra|6600000
The Normies|Ais / Si Ona|1600000
Lucunya Hidup Ini|Bang Gaber|4500000
Bad Word Baby|El Nareswara|1600000
Dracko Diary|Indra AD|14100000
Toko Permen Helianthus|fauziapaw|216165
Warung|yupit|6800000
GO-CEK|ADIL / KUSIR|414613
The Second Marriage|Alphatart / HereLee|16300000
Bite Me|sungeun|6200000
Operation: True Love|kkokkalee / Dledumb|3800000
Must Be a Happy Ending|BULSA / Jaerim|9200000
Hello Baby|ENJELICIOUS|77058
Shine on You|ARI|7100000
Beauty in a Click|Ryoung|5700000
CHUBBINESS!|Ivonne Febriani|900256
Purely Roommates|sungeun / FLADA|100000
Mistake|KEVEEEN / Cindy Chwa|14100000
Perfect Marriage Revenge|Jerryball / Yibambe|5300000
Maybe Meant to Be|honeyskein / damcho|3100000
Rumor Has It|Noey|6800000
Only Hope|CHOSNG|899702
Secretary’s Escape|HoneyBong / Solbangul|296353
No Marriage is Perfect|Long.B / CHOI|1600000
My Lucky Strike|bakSSdam|34401
DO AS I SAY!|Xuann|3900000
My Reason to Die|YUJU|2500000
Can I Take It Back?|shinmae|1600000
OTENBA|Dihocchi|1100000
Couple Breaker|KMK / Taegeon|189934
iMarried|Angellina / Takoyaki|13200000
Celebrity Roommate|Tae Soyoung / LEE SEO HEE|2500000
The RUNWAY|Domi / nokdu|1300000
Locked Onto You|Ganga / Jeong Hyejin|373200
I Need a Bride|Park soo jung / Lu Hong|1300000
My Far Too Tumultuous Marriage|FORCE STUDIO / Easy-E|387110
Muse on Fame|SOOJIN|552160
Love Revolution|232|11900000
Is Romance Possible?|Im Jooyi / SONG Jeongwon|175190
Awkward With My Boss|Nam Eun Kyung / TanG|429663
Me and My Professor|KarasuTsubasa / LilyQuali|4400000
Youth of Revelation|HAN SEO|333921
For The Third Time|NARA / Got W|55539
Half Ghost|se jeong|3900000
The Newlywed Guide|MOON NA-YOUNG / Yibambe|189892
Crazy for You|haega / wolgyul|746235
The Remarriage Contract|Seolwoohee / JEJE|1300000
Men of the Harem|Alphatart / HereLee|4200000
How to Tame a Dangerous Husband|duzy / yunson|100000
My Office Rebound Marriage|MIMIK / Lee Dalli|755452
Marriage Revamp|Minjeong Park / so young|279631
Seven Years Later|Tirapuw|3100000
Villain with a Crush|Seyoon|702344
The Guy with Pretty Lips|Godot / Flowbee|673691
The Greatest Table For Two|Hongchi|520680
Let's Get Divorced|Seohu / Haein|629934
Bad Boy Crush|JYABACHIP|583938
Blind to You|Cikakey / Yow_ooo|2500000
Even More|topy / seong|346442
Left Hand|callistahermin|2100000
Love is a Promise|Ai_naBecce / 12pulang Studio|848755
Please Show Up!|Kim Kihyun|755222
Efficient Dating for Singles|TARI|426501
Date First, Love Later|the gom / Jungmi|100000
Death When Separated|BOM SOHEE / KYMA|403184
A Whirlwind Campus Affair|UIYOUNG |442376
Little Things|deetata|156899
An Intentional Scandal|takbon / Seo hye eun|124576
When We Were Fifteen|Hanin Naqib|208750
My Dud to Stud Boyfriend|SUTGGI / yerang|237300
Another Love|DDOGAK / I SOON KI|311242
Mr. Magic Man|Tyrs / RD|301823
Into the Boundary of Love|seo nye|262592
Don't Jinx It!|moonjoo|1300000
30 Minute Walk|ondo|1100000
This Wasn't My Plan|BOM SOHEE / SEI KIM|604210
Secret Outing|bong sun / Hazlo|280499
My Third Romance|moonjo|209469
Maybe Good Morning|Sombe / EUNNA|171775
The Flower of Beast|Oh Su Jin / Cho Eun Dam|100000
Your Smile is a Trap|AENGO|192267
Lifesaving Romance|SJ / HAPPYBOOKSTOYOU|293255
The Prenup|Siwon / FLADA|447292
Proper Dating Guide|Namsoo|910346
Unchi|lonely cat|189126
What a Boss Wants|silver ring / cotton candy|723273
It Was All You|OH5HO / I SOON KI|249329
THE STAIRWAY OF TIME|Joo Young Ha / Zenyu|646920
Just a Girl He Knows|Honey B|708002
The Queen of Kisses|youngyoung2 / Jake Lee|210460
Jangan Mendekat|Baek HA NA / Jimmy|407826
Today Living with You|Woo Jihye / Dur|834799
My Roommate is a Gumiho|NA|100000
Daily JoJo|Donggun Lee|315357
Save Me, Princess!|Gon / saemmi|251964
Kedok|xzbonbon|294645
Lore Olympus|Rachel Smythe|815618
Becoming Bad|Haerinn / Nahyah|372391
Onsaemiro|yeo-woo / samoon|574394
Dazzle|Littorium_|61110
Good Luck, Hero!|Song Hyunju|85593
Unquenchable Thirst|Bagatel/EYE / INO|57527
Meow Man|Olso|356044
Situationship|yeo eun|98890
Marry My Husband|LICO / sungsojak|7900000
Kiss Sixth Sense|Got W / Jocobong|4500000
Let's Meet in the Next Life (See You in My 19th Life)|Lee Hey|4700000
To My First Love|Lise / Songjoo Yoo|845047
The Secret of Angel (True Beauty)|yaongyi|44700000
Clueless Girl|Seokwoo|3100000
Help Me! Mystery|SEOLAM|160455
Your Voice|SiL_Bi / crow|439335
The Eun's Garden|Chae-eun / Turjang|528282
A Summer Night's Dream|Kim su bak / Kan|898149
Daytime Star|Chae-eun / Godago|3100000
Pelayan Satu Semester|Kikaia|442231
Mystique|VAN JI|7600000
Day by Bae|HAAI|1600000
My Pre-Wedding|Annisa Nisfihani|3900000
Kyunwoo dan Sang Dewi|An su min|2700000
Whisper of Hope|KRUC|3700000
My Ex-Husband|Ki moong / YeoBack|100000
Lady Virtue's Contract Marriage|Datda / Angelique|767811
The Girl 180|nowone / della|4500000
Our Beloved Summer|kyoungchal han|924221
Secretary Out-of-Order|Parand / QuornQuorn|2800000
Spirit Fingers|kyoungchal han|14900000
Flawless|Shinshinhye|24100000
This Witch of Mine|MAS / Haeyoon|522602
Seasons of Blossom|NEMONE / Hongduck|6600000
To Love Your Enemy|Jungyoon / Taegeon|3700000
WiraDelima|Qoni|6200000
It's Mine|LuckS|700000
For the Sake of Sita|Haga|501399
My Sibling's Friend|NIMNI|100000
White Blood|Lim lina|6300000
Perfect Honeymoon|east wind / jeong min. P|1600000
Make-Up Man|Lee Yeon|7900000
Nice to Meet You|Wishroomness|1400000
Touch Touch You|SonPang|12600000
My Oppa is an Idol|sungeun|10900000
Stay With Me|Merow|599852
My Anti-Fan!|Jaerim|800000
The Blood of Madam Giselle|Lee Yunji|1600000
Sorry to Butt In|YOOTOON(Zamong cider / Nepen) / JulyKiss|487645
Playing Hard to Get|yosin / jinsun|141091
Hello, Mr.Blue|MOON NA-YOUNG|2300000
Swimming Class for Mermaid|YongChan|3500000
ONE+one|bubu|822478
CHANGE|JINONE|22300000
LARA(S)HATI|Tupaikidal|2600000
One Bite per Month|Itsumarin / Deruu RioTa|267218
Ending Again|TARI|220925
Just for a Meowment|kkanaria|1800000
Complicated Cohabitation|Hwang Han-Young / Arum|390978
Eggnoid|Archie The RedCat|24900000
Summer Breeze|kyoungchal han|913235
Senior, Bekalmu!|Telor Alien/YBS Studio|800454
Living with My Ex-husband|Enica|144166
Only You can See|sosoman|1700000
Kitty and the Angel|Momoko / Mamulda|303445
I Am Gangnam Beauty|KMK|8300000
Zona Maya|Tupaikidal|4200000
JOYful Delight|Chairunnisa|4600000
Ghost's Wife|se jeong|12100000
When the Day Comes|OMYO|438522
Honey Honey Wedding|NOH SEUNG-A / MOON NA-YOUNG|13700000
Minus|Egimugia|1500000
Phone Addict|HD|1700000
Invitation of Mystic Messenger|GIMAN / meriG|1500000
Musim Semi Pertama Bersamamu|Talk|99085
Her Weird Hobby|juto|3200000
HANA HARU|Seokwoo|600000
Look a Picture|Hyo Jung|901452
Winter Woods|COSMOS / VAN JI|2200000
Unlimited Propose|Yu Jinha|2300000
HER SECRET!|KMK|5400000
The World They're Dating In|Yullo|550728
Bitter Sweet Marriage|janggreen / Flowbee|3300000
Hate You 999 Times|Tricialimi|1800000
A Good Day to be a Dog|Lee Hey|4300000
Teman Rasa Pacar|M.E.A.W|4300000
Anon, I Know You!|LICO|1400000
Sera, I'm Sorry: Welcome to Our Galaxy|MiTi / GuGu|144560
As You Wish My Lady|Hasnaul Husna|1700000
Gentle HIPster|Henie|1800000
In A Dream|Cindy Chwa / Angellina|9900000
Love Lock|clevercool|8900000
Lee Doona!|Songa Min|1500000
Tweening|Amabel Emillavta|6200000
Nevertheless|jungseoa|715050
A Wish on July 7th|moegi|112532
My One and Only|chantal / Dongram|1800000
Cheese in the Trap|soonkki|6100000
unTouchable|Massstar|900000
My Ghost Roomie|jungseoa|2600000
Wonderwall|Senaloli|2200000
Oh! Holy|Ahyun|5200000
My Bad Boyfriend|Hwanyoung Kang / Hyuna Kim|6300000
Aku dan Para Mantan|HADA / hee_ddok|2900000
Malaikat Maut Tampan|HereLee / Ssangpil|500000
Yumi's Cells|Donggeon Lee|400000
Romantic Palette|MINKI|3800000
My Lovely Secretary|Bi Hyang / Winter Rain|821950
Love and Leashes|Winter|205888
Love Teleport|White  bear / Baogu|1400000
CEO's Top Secret|Shin jiwon / Han Hyerin|1900000
Play, Pli|2F|300000
Sweet EscapE|kiyoshin_|9900000
Terlambat Jatuh Cinta|xzbonbon|400000
Dilarang Pacaran!|Na young / HJ|149982
Sydney I'm in Love|Angie.W / Argan1209|3600000
Kutu Webtoon|Hasnaul Ikhtarosa|938091
Toyboy's Charm|Na young / seungu|2600000
Matahari 1/2 Lingkar|Chairunnisa|4900000
Devil Number 4|jangjin / woombee|3300000
WE JUST BROKE UP|Chaerin Ryu|1900000
You're My No. 1|Seo hyeeun / ParkRaeMo|1100000
Bloody Romance|JIHYUN SA / SEORU|1300000
Be My Soulmate|NOH SEUNG-A / DALNODO|1600000
Not My Type|Park Yun young / endong|1300000
Sub Complex|soi|474422
Love You to Death|Helena Kwon / Danyeom|1200000
OCEAN MEMORIES|Kisai Entertainment / Xugarnal|789733
Lilac 200%|UIYOUNG |891615
Surrounded by Them|soi|1800000
Marry Me!|Miku Yuki|3100000
All I Want is You|sage / Sungsil Park|2400000
Notice Me|Matchwa|400000
Favorite Part|TARI|2100000
Webtoon Legends: Orange Marmalade|Seokwoo|2800000
Lovers of the Red Sky|LICO / Jung Eun Gwol|482877
A Selfish Desire|Myomyori / Merry J|125201
Siren's Lament|instantmiso|800000
Super Secret|eon|500000
The Lovely Sisters|Jimmy sin / lobster|1500000
His Ruse|Lee Chae-young / One Universe|652678
Wanna Live Sweet|Kahyun / Mul|865483
RESET|Aans|677951
Kau yang Mencuri Hatiku|Various Artists|2100000
Impian Jingga|theterm|647505
The Scandal|DALCOM J / Teava|1900000
Guardians of the Lamb|JUNS|61047
Dangerous New Employee|Park soo jung / Jiya|1400000
A Flower for Nao|Febs / VBi|1600000
I Choose You|GGOLI |1100000
Last Time Love|Tirapuw|64042
Don't Pretend to Know Me!|fee1|781980
My Girlfriend is a Goldfish|Nan Nan|324634
Rainy Night|Lee SangEun / Choi SooHyun|1300000
Love Hidden in Lies|Aporo Kawai|597186
Love Today|hazzi|714379
You and I|Umeka KUSAKABE|1200000
Deadline is Coming|Rosa / SongYi|200000
Alice|Angellina|7900000
Take Me|One Punch Rabbit / RoseBean|4700000
Berita Cinta|Milka / Z6|1900000
Si Cumi Mencari Cinta|jellyfish / moondance|332013
The Savage World|Woo Jihye / HWA JUNG|149121
How to Train Celebrity|Si Yeon / R|63416
Oh, My Devil!|Baek Ji Yeon / stew.J|1200000
A Spoonful of Your Love|STEM / JB|118905
Marry My Idol|Alonelymeow|92169
Gentleman's Unique Taste|Park Sujeong / Lamb skewers|644719
Boyfriends|Angellina|2100000
Between Us|Tino|5200000
You and Me|sang ha|274994
Minor Scandal|starland / yeonsil|388820
Welcome on Board|Dani|247520
Back Stage Kiss Scene|C.Do-B / Su Jeong Gwa|450308
Love Blooms Late|Mayaka Nakano|1200000
Lovebirds Diary|Sweta Kartika|63424
Although You are a Ghost|NN / OJ|736495
[C]LOSER|Naomi Saddhadhika / OXASHL|1300000
An Entanglement|JQ COMICS / Lee jinyoung|170705
SELEBGRAM|jellyfish / Dohin.e|4900000
Cewekku Galak|Yoo Jong Pyo|2600000
Cinderella at 2 a.m.|aigome / sancha|100000
GOMBALAN GOCENG|Various Artists|456296
At Your Service, My Lady|BIBA|428826
The Greatest Wolf of My Life|Ran / Kim Byeonggawan|219898
Cupid's App|Kisai Entertainment / Crescentcular|1100000
2D Boyfriends|Various Artists|1500000
A Fake Affair|AKIKO HIGASHIMURA|134325
Pacarku Pemain Sinetron|Tania Kyo / KING Productions|29639
Ecstasy Hearts|SilentMaru|1200000
Nine|LEE Eumsae / HANA|368246
Ho!|UKSOO|684679
LUCKY ROMANCE|DALLIM KIM|712833
She Would Never Know|Cafelatte / JINHA|860617
My Love Affair|KING Productions / Nunik & Kaari|35561
Lovers in Paris|lee jay|223607
Seventeen|PlayList|329066
#moments|Si Ona / Remaja Shoujo|528824
Only You Don't Know|Yuria|4400000
Twin Connect|tiansenou|300000
Pasutri Gaje|Annisa Nisfihani|30200000
Bad Word Baby|El Nareswara|1600000
Ocean's Promise|Padhang Bulan|599194
Perhaps Mine|Cikakey / Candrasa|606683
Like Family|seowoo|306638
Trash Belongs in the Trash Can!|EDDiERiNG|480305
An Uneasy Relationship|jans|615712
Extraordinary Attorney Woo|HwaUmJo / Yuil|291777
The Vampire Lord's Greatest Wife|Kumokaya / Artelysium Studio|1500000
My Sweet Sunshine|KRUC|95485
Langit Merah Jambu|By_Sir|265074
I Love Yoo|Quimchee|4800000
Summer Rain|kiyoshin_|811120
Oh My Boy!|Kanipa|3400000
Take My Money|AlohaDRY|3300000
Little Rain|Mai|498902
From Dreams to Freedom|2L|3700000
Iblis di Antara Kita|Nemo Nullus|125775
Like Mother, Like Daughter|YIDAHM|2400000
Peculiar Dream|Nan Nan|214833
Trapped|HAEMURI|1600000
Arum Daun|Shinshinhye|1400000
PRIVATELY|omenilno|76756
One Day in Seoul|Park chang geun|1500000
Judge and Executioner|KIM SOONG NYUNG / GWANG SAN|89172
Delivery Man|onehand|260537
Your Day is Mine|bunny|233758
Eyes|Jeong Summer|580109
Shape of the Nightmare|kimyongki|293721
Island|Inwan Youn / Kyungil Yang|86933
Connect|Shin Dae-sung|127175
Mermaid Pond|sunman|91606
The Predator’s Fiancée|Jackpot / Lisabel|505145
Duty after School|Ilkwon Ha|179164
Shotgun Boy|Kimcarnby / Redbrush|2300000
Diary of Desire|juin kim / Taejoon Webtoon Company|1800000
Journal of Terror|Sweta Kartika|211023
Garden of the Dead Flowers|Sero / Corbenyx|2600000
Nightmare Diary|YUGGONG|1200000
The Smell of Evil|Goodguy|1100000
The Predator|Shin Heebin / Chi Chi|581489
The Killer's Shopping List|Kang Ji-young / Jung Seok-hyun|122603
The Will to Share|Kris & Tere|593731
Night of Silence|HAN DONG-WOO / Q-HA|322159
Kelas Neraka|Galang Larope / Get up production|695713
Perfect Family|N.B / JUNE|1600000
The Now|INE|613399
So You|HAN|305474
Game of Doppelganger|Kingsenal / MJ|639525
Welfare Center|NANA|666045
Help Me|Cheoljun6|215303
BLOODY GAZE|Takamiwa / Fatal Lemon|1700000
The Evil|Gwangtanto / Maduru|344515
Money Game|Jinsoo Bae|234042
Hellbound|Choi Gyuseok / Yeon Sangho|183485
Never-ending Darling|Woollee|705615
Caravan 97|Mada_Fadaz|90553
Half Ghost|se jeong|3900000
The Girl's Trial|Rusena / Borocom|400000
Diary Mystery|Febs / Y.I.W|1300000
GLOOMY SUNDAY|fankycon|7200000
Survived Romance|Lee Yeon|2100000
Cinema of Darkness|Ben|7400000
Tell Me a Creepy Story!|dong kyu lee|575284
Help! I’m Scared|Goodguy|253146
Help Me! Mystery|SEOLAM|160455
Jangan Scroll|Various Artists|1200000
Radio Algeria : Horror On-Air|KING Productions / Azam Raharjo|314381
Killstagram|Ryoung|8100000
Sweet Home|Kimcarnby / Youngchan Hwang|7600000
SCREAM 2019|Various Artists|710568
It's Mine|LuckS|700000
Creep|Ino Septian|3800000
Shotgun Boy|Kimcarnby / Redbrush|2300000
Diary of Desire|juin kim / Taejoon Webtoon Company|1800000
Garden of the Dead Flowers|Sero / Corbenyx|2600000
10 Tahun Setelah Pandemi|Various Artists|430355
The Call|Various Artists|270435
Nightmare|Various Artists|1500000
PIGPEN|Kimcarnby / SiCK|2500000
Ghost Teller|QTT|4800000
Strangers from Hell|kimyongki|3500000
Ghost Path|Joo dong Guen|518517
The Smell of Evil|Goodguy|1100000
2020 Total Nightmare|HORANG|294181
MANGSA|Cyclops / Park Subong|3300000
SCREAM|Various Artists|707822
10 PM|Arvidan|3200000
Bastard|Kimcarnby / Youngchan Hwang|400000
Creep In|Ino Septian|4500000
The Cliff|Seongdae Oh|137626
DEAD LIFE|hooressha / Lim Jin Guk|3700000
The End of Relationship|kimyongki|721625
School Attack (All of Us Are Dead)|Joo dong Guen|2700000
Fast Forward|PORTO / Junki Hong|552232
GUDANG CERITA HOROR: KOLEKSI MIMPI-MIMPI BURUK|Various Artists|429787
Shiver|Various Artists|1100000
Bisikan|jeong min. P|770735
Tales of the Unusual|Seongdae Oh|9600000
STALKER|Danwoo|1100000
Kumpulan Kisah Misteri Korea|Various Artists|617531
Vending Machine of Death|bohemian|4900000
BLOODY GAZE|Takamiwa / Fatal Lemon|1700000
DISTANT SKY|Inwan Youn / Sunhee Kim|926116
She Wants You|ANZU|175077
Possessed|hooressha / Hongtae Kim|843533
MAYAGO|hooressha / Hongtae Kim|100000
Friday: Forbidden Tales|Jinsoo Bae|354242
Dead Days|DEY|100000
Human Forest|Junho Hwang|419810
The Infectee|Lee Gang|3200000
Demoniac|hooressha / Hongtae Kim|1100000
Haunted Station|Danwoo|674755
Curse of Tomorrow|Thoma Prayoga|376934
DARK SPIRITS|M.E.A.W|401879
Sing Bahu Rekso|Papillon Studio|935089
Pie Game|Jinsoo Bae|244758
Cases of Suicide|Yutapoom Tungsirisumrit|1200000
Riot_404|Tim Riot|534920
Kemala|Sweta Kartika / Dedy Koerniawan dan Pierre Rangga|1700000
Sinister Stories|MONKILL|420704
DARK MOON: THE BLOOD ALTAR (Webnovel)|HYBE|126959
Crimson Heart (Webnovel)|HYBE|9252
7FATES: CHAKHO (Webnovel)|HYBE|169404
DARK MOON: THE GREY CITY (Webnovel)|HYBE|9909
THE STAR SEEKERS (Webnovel)|HYBE|84800
Tsundere's Rule|Yoon Soda / dopamine|665888
Aku dan Para Mantan|HADA / smilingsun|633140
WEE!!!|Amoeba UwU|16500000
CHUBBINESS!|Ivonne Febriani|900256
Mistake|KEVEEEN / Cindy Chwa|14100000
GOOD/BAD FORTUNE|Ariel Duyung|9500000
Rumor Has It|Noey|6800000
Pupus Putus Sekolah|Kurnia Harta Winata|5800000
OTENBA|Dihocchi|1100000
Born from Death|Tan Feli|17900000
iMarried|Angellina / Takoyaki|13200000
Eh, Sorry Kesantet!|aiextradip|1500000
Bima, Temanku yang Imut|telormatasappi|300000
Peculiar Dream|Nan Nan|214833
Diary Mystery|Febs / Y.I.W|1300000
Out of the Blue|Fluffy Sunkist|129734
The Editors|LINE WEBTOON|911593
Unseen Beauty|Benvenutoiven / Get up production|696175
Seven Years Later|Tirapuw|3100000
Ngopi, yuk!|Sisifafa / Romy Hernadi|34500000
Her Twin Brothers!|aizonoodle|169963
Arum Daun|Shinshinhye|1400000
Pak Guru Inyong: Pendidikan Khusus|Anggoro Ihank|903092
Dulu Gwe(n) Pernah|Sisifafa / Romy Hernadi|21500000
Si Ocong|Agung Gunawan|17900000
PRIVATELY|omenilno|76756
Hannah Nala|Egimugia|3800000
Moon Flower|ifuaira00|1600000
SMAS'D|Oja Aritonang|12800000
GLOOMY SUNDAY|fankycon|7200000
Gula-Gula|idachann_|735712
Blind to You|Cikakey / Yow_ooo|2500000
Left Hand|callistahermin|2100000
Love is a Promise|Ai_naBecce / 12pulang Studio|848755
Little Things|deetata|156899
When We Were Fifteen|Hanin Naqib|208750
Stand Up, Mr. President!|Rutheal / Lidowey|1600000
The Chosen|E A L|2800000
Anak Bapak|A_Catnoda|683033
MUROS|Surya Putra|2600000
Gemini Duos|Hamstavin|320658
My Sole Muse|Matchseia|86221
Kedok|xzbonbon|294645
Pelayan Satu Semester|Kikaia|442231
Day by Bae|HAAI|1600000
My Pre-Wedding|Annisa Nisfihani|3900000
Who's Mr. President?|S.M.S / KING Productions|5600000
BLUE|kennsaty|2500000
Whisper of Hope|KRUC|3700000
Seoulmate|aT Center|144212
Radio Algeria : Horror On-Air|KING Productions / Azam Raharjo|314381
Flawless|Shinshinhye|24100000
Just Friends|CL NUNA|20700000
WiraDelima|Qoni|6200000
Creep|Ino Septian|3800000
Journal of Terror|Sweta Kartika|211023
Garden of the Dead Flowers|Sero / Corbenyx|2600000
Sickomik|Red Coco|200000
We Are Pharmacists|Qoni|8300000
Me Vs Big Slacker Baby|Re:ON Comics / Annisa Nisfihani|818213
Dandelion Repose|yunakatzen|1500000
Stay With Me|Merow|599852
Bang Lambe|Alan|2200000
LARA(S)HATI|Tupaikidal|2600000
Sri Asih|Archie The RedCat / Devita Krisanti|1900000
Nightmare|Various Artists|1500000
SWEET CHAOS|Fadee~|714607
One Bite per Month|Itsumarin / Deruu RioTa|267218
Hantu +62|Meidito Dian|500000
NASTAR|Various Artists|602958
Eggnoid|Archie The RedCat|24900000
Senior, Bekalmu!|Telor Alien/YBS Studio|800454
Trickster|Mas Hiro / k a i r n n|3200000
SEKOTENGS|Lifina|5300000
Terlalu Tampan|Mas Okis / S.M.S|11800000
Zona Maya|Tupaikidal|4200000
House Daddy|HAAI|2300000
CAO!|ricepupa|1800000
JOYful Delight|Chairunnisa|4600000
Their Story|Egimugia|238581
KAU + AKU ≠ KITA|Various Artists|444097
Minus|Egimugia|1500000
The Lost Harmony|Black chiz cake / Kobebeef|7400000
Virgo and the Sparklings|Annisa Nisfihani / Ellie Goh|12400000
Deadly 7 Inside Me|Deruu RioTa|7900000
Her Weird Hobby|juto|3200000
Jajan Squad|Dito Satrio|5600000
10 PM|Arvidan|3200000
Baby Steps|k a i r n n|1200000
304th Study Room|Felicia Huang|900000
Trouble Maker|M.E.A.W|324022
The Will to Share|Kris & Tere|593731
Creep In|Ino Septian|4500000
Hate You 999 Times|Tricialimi|1800000
Blooming|Rifahart|823304
Kelas Neraka|Galang Larope / Get up production|695713
Teman Rasa Pacar|M.E.A.W|4300000
Pak Guru Inyong|Anggoro Ihank|5600000
As You Wish My Lady|Hasnaul Husna|1700000
ART/STROKE|M.M|547731
Jangan Baca Webtoon Ini!|Mas Okis / Rea|2800000
Kisah Bucin di Sekolah|Alonelymeow|1800000
In A Dream|Cindy Chwa / Angellina|9900000
Aegis Orta|lunaria_co|12900000
Kompor|Various Artists|696298
Tweening|Amabel Emillavta|6200000
Gadis Pembohong|Febs / Lulu Zet|406554
Trio Koplak|Siakae|325777
Wonderwall|Senaloli|2200000
Ghost's Dilemma|kikuatama|4200000
Hidden Beauty Formula|rchella|429564
Si Unis|Rinfan|4700000
90 Days|Bekyu|7400000
Terlalu Cantik|Mas Okis / Mas Hiro|7900000
Sweet EscapE|kiyoshin_|9900000
Terlambat Jatuh Cinta|xzbonbon|400000
Sydney I'm in Love|Angie.W / Argan1209|3600000
Kutu Webtoon|Hasnaul Ikhtarosa|938091
Fluffy Tummy|Yachi_chan / Bima Eko Saputra|540068
Libur Telah Tiba|Various Artists|416731
Matahari 1/2 Lingkar|Chairunnisa|4900000
Satan's Deepest Cry|DEDEWDEW211|784984
Infinite Sky|rchella|7300000
Anti Receh-Receh Couple|LINE Bank|92543
Ambivalent|Dedy Koerniawan|234780
OCEAN MEMORIES|Kisai Entertainment / Xugarnal|789733
Friends|Leaf19|1300000
Oh! Princess|Kat|1500000
Curious Date|telormatasappi|1600000
Nusantara Droid War|Vega Mandalika|7100000
Next Door Country|Mas Aditiya|17800000
Notice Me|Matchwa|400000
BLOODY GAZE|Takamiwa / Fatal Lemon|1700000
Rainbow Bridge|Ros and Fox|1200000
Kau yang Mencuri Hatiku|Various Artists|2100000
CODE HELIX|Nikki Dibya Wardhana / Bryan Arfiandy|848590
Out of Batteries|sidik rizal / hievasp|1800000
Sekar X Popular|Roket Kertas|6600000
Ketupat|Various Artists|100000
A Flower for Nao|Febs / VBi|1600000
Last Time Love|Tirapuw|64042
9 Lives|Aoi / Kyorin|2200000
She Wants You|ANZU|175077
My Girlfriend is a Goldfish|Nan Nan|324634
Romance Punch|Galang Larope|2400000
Alice|Angellina|7900000
Recycle|RedGelato|1800000
No Homo|Apitnobaka|461350
31 Ways to Runaway|Various Artists|718923
Bingkai Titik|Gabriel Pt Dedi|1500000
Bahagia Itu|Angie.W / Huhu|604252
Marry My Idol|Alonelymeow|92169
Boyfriends|Angellina|2100000
Lovebirds Diary|Sweta Kartika|63424
[C]LOSER|Naomi Saddhadhika / OXASHL|1300000
Kolang-Kaling|Various Artists|100000
Kolak|Various Artists|1300000
Drackocong|Indra AD & Agung Gunawan|891070
Love Warp|Rafsan J. Arroisi|1900000
Ojek Story|Herrad / Thoma Prayoga|100000
SENGKLEK FAMILY|Julian Syahputra|376012
Sofia: Fashion Investigation|Bonni Rambatan / Aisah PL|1300000
Dreamscape|Budi Setiawan|200000
ULTRA SMASH!!|rammaou|100000
Tahilalats|Tahilalats Team|38200000
Heroine|Various Artists|525092
GOMBALAN GOCENG|Various Artists|456296
Cupid's App|Kisai Entertainment / Crescentcular|1100000
Kisah Usil Si Juki Kecil|Faza Meonk|2500000
Hari Berarti|Various Artists|859414
Pacarku Pemain Sinetron|Tania Kyo / KING Productions|29639
Sayonara, Manga|karasuhibari / Viyanriri|396033
Curse of Tomorrow|Thoma Prayoga|376934
Kurma|Various Artists|1600000
Webtoon Ramadhan 2017|Various Artists|1300000
Ganda|Nikki Dibya Wardhana / Linka08|297614
Sing Bahu Rekso|Papillon Studio|935089
Si Juki: LIKA LIKU ANAK KOS|Faza Meonk|1400000
My Love Affair|KING Productions / Nunik & Kaari|35561
Secret of Aura|PIONICON|1300000
Mantradeva|Agung Bollo / Gusti Kudit|1500000
Kecoa dan Dendam|Renato Adhitama|5100000
Riot_404|Tim Riot|534920
Nostalgia Ramadhan Si Juki Kecil Season2|Faza Meonk|373653
Si Udin|NIKSEN|8100000
Serba Salah|Jennie Liandra|6600000
#moments|Si Ona / Remaja Shoujo|528824
The Normies|Ais / Si Ona|1600000
Soekirman|YOGADANU / ZAINUL MOZA|1100000
Soekirman: Ramadhan di Kampung Halaman|YOGADANU / ZAINUL MOZA|170236
Super Santai: Operasi Ramadhan|Nikki Dibya Wardhana / BENY|74372
Piraku x Piraku|Sweta Kartika|242200
GHOSTY's COMIC|GHOSTYCORP|4600000
Komik Faktap|Tim Komik Faktap|4800000
Si Juki : Kisah Kusut Dunia Dongeng|Faza Meonk|100000
Just for Flat Jokes|Mind C|442442
Nostalgia Ramadhan Si Juki Kecil|Faza Meonk|424154
Twin Connect|tiansenou|300000
Kang Paket Ganteng|piio keii|163980
Pasutri Gaje|Annisa Nisfihani|30200000
Kemala|Sweta Kartika / Dedy Koerniawan dan Pierre Rangga|1700000
SCRAMBLED: Journeylism|Lintankleen|1300000
Bad Word Baby|El Nareswara|1600000
Hati Nammo|Bryan Arfiandy|49143
Dracko Diary|Indra AD|14100000
BRANDAL|METAKOMIK|271934
Ocean's Promise|Padhang Bulan|599194
Perhaps Mine|Cikakey / Candrasa|606683
Dedes|egestigi|2600000
Toko Permen Helianthus|fauziapaw|216165
KOSAN 95!|Didiwalker|18800000
Warung|yupit|6800000
7 Wonders|Metalu|13500000
The Vampire Lord's Greatest Wife|Kumokaya / Artelysium Studio|1500000
My Sweet Sunshine|KRUC|95485
What the Folk|nasibungkus|37675
DjINN|Aland B. / DRD|443697
Langit Merah Jambu|By_Sir|265074
Summer Rain|kiyoshin_|811120
Oh My Boy!|Kanipa|3400000
SARIMIN|NAGATERBANG|4500000
Caravan 97|Mada_Fadaz|90553
Sepulang Sekolah|KOI & JUI / Dhan Akhir|4200000
Masdimboy|Adimas Bayu|1700000
Be A Poem|Chill Peeps|126102
GO-CEK|ADIL / KUSIR|414613
